Account Name,:ACME TRADERS PVT LTD
Address,":14 Industrial Area, Peenya, Bengaluru 560058"
Account Number,:00000031234567890
Account Description,:CURRENT ACCOUNT
Branch,:PEENYA INDUSTRIAL AREA
Balance as on 1 Sep 2026,":2,50,000.00 Cr"
Start Date,:1 Sep 2026
End Date,:30 Sep 2026

Txn Date,Value Date,Description,Ref No./Cheque No.,Debit,Credit,Balance
1 Sep 2026,1 Sep 2026,NEFT-RAJ ENTERPRISES-INV 2026/0412,, ,"1,25,000.00","3,75,000.00 Cr"
2 Sep 2026,2 Sep 2026,UPI/624512345678/RAZORPAY SOFTWARE PVT LTD/SETTLEMENT,, ,"18,450.00","3,93,450.00 Cr"
3 Sep 2026,3 Sep 2026,CLG/SHARMA STEEL WORKS,000145,"45,000.00", ,"3,48,450.00 Cr"
5 Sep 2026,5 Sep 2026,ACH D- TP ACH HDFC LIFE-POLICY 21456789,,"12,500.00", ,"3,35,950.00 Cr"
7 Sep 2026,7 Sep 2026,RTGS-SHREE CEMENTS LTD-ICIC0000045,,"2,10,000.00", ,"1,25,950.00 Cr"
10 Sep 2026,10 Sep 2026,BIL/ONL/000987654/BESCOM/SEP26,,"8,732.00", ,"1,17,218.00 Cr"
12 Sep 2026,12 Sep 2026,NEFT-GUPTA DISTRIBUTORS-PAYMENT,, ,"64,000.00","1,81,218.00 Cr"
15 Sep 2026,15 Sep 2026,INF/INFT/SALARY SEP 2026/BULK,,"1,80,000.00", ,"1,218.00 Cr"
18 Sep 2026,18 Sep 2026,CHQ DEP/KOTAK MAHINDRA BANK/MEHTA TRADERS,000881, ,"35,500.00","36,718.00 Cr"
20 Sep 2026,20 Sep 2026,GIB/GSTN CPIN 26092900012345,,"27,540.00", ,"9,178.00 Cr"
25 Sep 2026,25 Sep 2026,UPI/625898765432/PAYTM PAYMENTS SERVICES/SETTLEMENT,, ,"18,450.00","27,628.00 Cr"
28 Sep 2026,28 Sep 2026,SMS CHARGES JUL-SEP 2026,,17.70, ,"27,610.30 Cr"
30 Sep 2026,30 Sep 2026,INT.PD:01-07-2026 TO 30-09-2026,, ,"1,245.00","28,855.30 Cr"
**This is a computer generated statement and does not require a signature.
